player_id,player_name,positions,conversions,dst_touchdown,extra_point,field_goal_yards,fumble_recoveries,interceptions_lost,interceptions_made,lost_fumbles,missed,passing_tds,passing_yards,points_against,receiving_tds,receiving_yards,receptions,rushing_tds,rushing_yards,sacks,tackles
aj-allen,A.J. Allen,LB,,,,,,,0.0,,,,,,,,,,,0.0,2.0
aj-ouellette,A.J. OUELLETTE,RB,,,,,,0.0,,1.0,,0.0,0.0,,1.0,275.0,37.0,8.0,1289.0,,
adam-auclair,Adam Auclair,LB/DB,,,,,,,0.0,,,,,,,,,,,0.0,1.0
adam-konar,Adam Konar,LB/DB,,,,,,,0.0,,,,,,,,,,,0.0,1.0
adrian-greene,Adrian Greene,DB,,,,,,,,,,,,,,,,,,,2.0
ajou-ajou,Ajou Ajou,WR,,,,,,,,,,,,,2.0,307.0,20.0,,,,
albert-awachie,Albert Awachie,RB/FB,,,,,,,,,,,,,0.0,6.0,2.0,,,,
alexander-hollins,Alexander HOLLINS,WR,,,,,,,,,,,,,6.0,937.0,61.0,,,,
alexandre-gagne,Alexandre Gagné,FB,,,,,,,0.0,,,,,,,,,,,0.0,2.0
andre-miller,Andre Miller,WR,,,,,,,,,,,,,2.0,254.0,15.0,,,,
andrew-peirson,Andrew Peirson,OL,,,,,,,,,,,,,0.0,20.0,2.0,,,,
ante-litre,Ante Litre,RB,,,,,,0.0,,,,0.0,30.0,,1.0,130.0,14.0,4.0,214.0,,
anthony-gosselin,Anthony GOSSELIN,RB/FB,,,,,,,,,,,,,0.0,22.0,5.0,0.0,12.0,,
anthony-lanier-ii,Anthony Lanier II,DL/DB,,,,,,,,,,,,,,,,,,,1.0
arkell-smith,Arkell Smith,WR,,,,,,,,,,,,,1.0,148.0,13.0,,,,
aubrey-miller-jr,Aubrey Miller Jr.,LB,,,,,,,,,,,,,,,,,,,1.0
avery-ellis,Avery Ellis,DE/DL/DB,,,,,,,0.0,,,,,,,,,,,0.0,2.0
ayden-eberhardt,Ayden EBERHARDT,WR,,,,,,,,,,,,,2.0,639.0,41.0,,,,
ayinde-eley,Ayinde Eley,LB,,,,,,,,,,,,,,,,,,,1.0
bc-dst,BC DST,DST,,,,,,,19.0,,,,,575.0,,,,,,51.0,
bc-k,BC K,K,,,36.0,1480.0,,,,,,,,,,,,,,,
bc-qb,BC QB,QB,,,,,,18.0,,,,21.0,5100.0,,,,,14.0,482.0,,
bj-emmons,BJ Emmons,RB,,,,,,,,,,,,,0.0,56.0,5.0,0.0,44.0,,
bailey-feltmate,Bailey Feltmate,LB/DB,,,,,,,,,,,,,0.0,5.0,1.0,,,,
ben-hladik,Ben Hladik,LB/DB,,,,,,,,,,,,,,,,,,,9.0
ben-labrosse,Ben Labrosse,DB,,,,,,,,,,,,,,,,,,,1.0
benjie-franklin,Benjie Franklin,DB,,,,,,,,,,,,,,,,,,,4.0
benoit-marion,Benoit Marion,DL/DB,,,,,,,,,,,,,,,,,,,1.0
bentlee-sanders,Bentlee Sanders,DB,,,,,,,0.0,,,,,,,,,,,0.0,5.0
bo-levi-mitchell,Bo Levi Mitchell,QB,,,,,,14.0,,,,42.0,6312.0,,0.0,3.0,1.0,1.0,193.0,,1.0
boris-bede,Boris Bede,K,,,38.0,931.0,,,0.0,,,,,,,,,,,0.0,1.0
brady-oliveira,Brady OLIVEIRA,RB,,,,,,,,,,,,,1.0,476.0,57.0,3.0,1353.0,,
bralon-addison,Bralon ADDISON,WR,,,,,,,,,,,,,3.0,433.0,41.0,0.0,151.0,,
branden-dozier,Branden Dozier,DB,,,,,,,0.0,,,,,,,,,,,0.0,3.0
brandon-alexander,Brandon Alexander,DB,,,,,,,0.0,,,,,,,,,,,0.0,5.0
brandon-barlow,Brandon Barlow,DL/DB,,,,,,,0.0,,,,,,,,,,,0.0,3.0
brendan-bordner,Brendan Bordner,OL,,,,,,,0.0,,,,,,,,,,,0.0,0.0
brendan-oleary-orange,Brendan O\'LEARY-ORANGE,WR,,,,,,,,,,,,,,62.0,4.0,,,,
brett-lauther,Brett LAUTHER,K,,,38.0,1800.0,,,,,,,,,,,,,,,
brian-cole,Brian Cole,LB/DB,,,,,,,1.0,,,,,,,,,,,0.0,10.0
brian-harelimana,Brian Harelimana,LB/DB,,,,,,,,,,,,,,,,,,,1.0
bryan-cox-jr,Bryan Cox Jr.,DL,,,,,,,,,,,,,,,,,,,2.0
bryan-scott,Bryan Scott,QB,,,,,,0.0,,,,1.0,79.0,,,,,,,,
bryce-bell,Bryce Bell,OL,,,,,,,,,,,,,0.0,-1.0,1.0,,,,
bryce-cosby,Bryce Cosby,DB,,,,,,,0.0,,,,,,,,,,,0.0,3.0
cj-avery,C.J. Avery,LB,,,,,,,1.0,,,,,,,,,,,0.0,4.0
cj-reavis,C.J. Reavis,DB,,,,,,,0.0,,,,,,,,,,,0.0,6.0
cgy-dst,CGY DST,DST,,,,,,,21.0,,,,,485.0,,,,,,46.0,
cgy-k,CGY K,K,,,33.0,1511.0,,,,,,,,,,,,,,,
cgy-qb,CGY QB,QB,,,,,,19.0,,,,22.0,4243.0,,,,,10.0,283.0,,
caleb-evans,Caleb EVANS,QB,,,,,,2.0,,,,4.0,307.0,,,,,4.0,55.0,,
caleb-sanders,Caleb Sanders,DL,,,,,,,,,,,,,,,,,,,5.0
cam-echols,Cam ECHOLS,WR,,,,,,,,,,,,,4.0,363.0,31.0,,,,
cameron-dukes,Cameron Dukes,QB,,,,,,6.0,,,,7.0,1444.0,,,,,4.0,321.0,,
cameron-judge,Cameron Judge,LB/DB,,,,,,,0.0,,,,,,,,,,,0.0,4.0
camren-mcdonald,Camren McDonald,WR,,,,,,,,,,,,,0.0,11.0,2.0,,,,
casey-sayles,Casey Sayles,DT/DB,,,,,,,0.0,,,,,,,,,,,1.0,3.0
celestin-haba,Celestin Haba,DE,,,,,,,0.0,,,,,,,,,,,0.0,1.0
chad-kelly,Chad KELLY,QB,,,,,,8.0,,,,10.0,2451.0,,,,,5.0,214.0,,
charleston-rambo,Charleston RAMBO,WR,,,,,,,,,,,,,5.0,808.0,61.0,,,,
chase-brice,Chase BRICE,QB,,,,,,0.0,,,,1.0,232.0,,,,,0.0,1.0,,
chris-streveler,Chris STREVELER,QB,,,,,,1.0,,,,1.0,343.0,,0.0,0.0,0.0,10.0,272.0,,
christian-albright,Christian Albright,DL,,,,,,,0.0,,,,,,,,,,,0.0,1.0
christian-covington,Christian Covington,DL,,,,,,,,,,,,,,,,,,,1.0
ciante-evans,Ciante Evans,DB,,,,,,,,,,,,,,,,,,,2.0
clarence-hicks,Clarence Hicks,DL/LB,,,,,,,0.0,,,,,,,,,,,1.0,1.0
clark-barnes,Clark BARNES,WR,,,,,,,,,,,,,4.0,590.0,44.0,0.0,-8.0,,
clint-ratkovich,Clint Ratkovich,RB,,,,,,,,,,,,,1.0,58.0,6.0,0.0,8.0,,1.0
cody-fajardo,Cody FAJARDO,QB,,,,,,7.0,,,,16.0,3105.0,,,,,3.0,277.0,,
cole-spieker,Cole SPIEKER,WR,,,,,,,,,,,,,7.0,823.0,58.0,,,,
cole-tucker,Cole Tucker,WR,,,,,,,,,,,,,0.0,156.0,20.0,,,,
colton-hunchak,Colton Hunchak,WR,,,,,,,,,,,,,0.0,31.0,3.0,,,,
coulter-woodmansey,Coulter Woodmansey,OL,,,,,,,0.0,,,,,,,,,,,0.0,1.0
cre39von-leblanc,Cre&#39;Von LeBlanc,CB,,,,,,,,,,,,,,,,,,,3.0
cristophe-beaulieu,Cristophe Beaulieu,DB,,,,,,,,,,,,,,,,,,,1.0
d39antne-demery,D&#39;Antne Demery,OL,,,,,,,,,,,,,,,,,,,1.0
dk-bonhomme,D.K. Bonhomme,LB,,,,,,,,,,,,,,,,,,,1.0
damarcus-fields,DaMarcus Fields,DB,,,,,,,0.0,,,,,,,,,,,1.0,6.0
dashaun-amos,DaShaun Amos,DB,,,,,,,1.0,,,,,,,,,,,,2.0
davaris-daniels,DaVaris DANIELS,WR,,,,,,,,,,,,,2.0,622.0,48.0,,,,
dakota-prukop,Dakota Prukop,QB,,,,,,,,,,,,,,,,9.0,56.0,,
dalton-schoen,Dalton SCHOEN,WR,,,,,,,,,,,,,0.0,159.0,14.0,,,,
damonte-coxie,Damonte COXIE,WR,,,,,,,,,,,,,4.0,860.0,59.0,,,,
daniel-adeboboye,Daniel ADEBOBOYE,RB,,,,,,,,,,,,,0.0,40.0,6.0,0.0,244.0,,
daniel-bell,Daniel Bell,LB,,,,,,,0.0,,,,,,,,,,,0.0,1.0
daniel-oladejo,Daniel OLADEJO,WR,,,,,,,,,,,,,0.0,24.0,3.0,,,,
darious-williams,Darious Williams,CB/LB/DB,,,,,,,1.0,,,,,,,,,,,,5.0
darnell-sankey,Darnell Sankey,LB/DB,,,,,,,0.0,,,,,,,,,,,0.0,5.0
darrius-bratton,Darrius Bratton,DB,,,,,,,1.0,,,,,,,,,,,0.0,1.0
david-cote,David Côté,K,,,12.0,288.0,,,,,,,,,,,,,,,
david-dallaire,David DALLAIRE,RB/FB,,,,,,,0.0,,,,,,1.0,79.0,10.0,0.0,5.0,0.0,1.0
david-mackie,David Mackie,FB,,,,,,,,,,,,,0.0,52.0,6.0,7.0,114.0,,1.0
davis-alexander,Davis ALEXANDER,QB,,,,,,2.0,,,,6.0,1347.0,,,,,3.0,166.0,,
dean-faithfull,Dean Faithfull,K,,,4.0,41.0,,,,,,,,,,,,,,,
deatrick-nichols,Deatrick Nichols,CB/DB,,,,,,,0.0,,,,,,,,,,,0.0,1.0
dedrick-mills,Dedrick MILLS,RB,,,,,,,,,,,,,0.0,327.0,31.0,1.0,923.0,,
dejon-allen,Dejon Allen,OL,,,,,,,,,,,,,,,,,,,1.0
dejon-brissett,Dejon BRISSETT,WR,,,,,,,,,,,,,3.0,171.0,14.0,0.0,13.0,,
demerio-houston,Demerio Houston,DB,,,,,,,1.0,,,,,,,,,,,0.0,7.0
deonta-mcmahon,Deonta MCMAHON,RB,,,,,,1.0,,,,0.0,0.0,,1.0,237.0,30.0,4.0,287.0,,
deontai-williams,Deontai Williams,DB,,,,,,,0.0,,,,,,,,,,,0.0,5.0
derek-parish,Derek Parish,DE/DL,,,,,,,,,,,,,,,,,,,1.0
derek-wiggan,Derek Wiggan,DL/DB,,,,,,,0.0,,,,,,,,,,,1.0,2.0
destin-talbert,Destin Talbert,DB,,,,,,,0.0,,,,,,,,,,,0.0,1.0
devin-adams,Devin Adams,DL,,,,,,,0.0,,,,,,,,,,,1.0,4.0
devodric-bynum,Devodric Bynum,DB,,,,,,,0.0,,,,,,,,,,,0.0,3.0
devonte-dedmon,Devonte DEDMON,WR/RB,,,,,,,,,,,,,1.0,9.0,1.0,0.0,15.0,,
dewayne-hendrix,Dewayne Hendrix,DL/DB,,,,,,,0.0,,,,,,,,,,,0.0,1.0
dexter-lawson-jr,Dexter Lawson Jr.,DB,,,,,,,,,,,,,,,,,,,6.0
dezmon-patmon,Dezmon Patmon,WR,,,,,,,,,,,,,0.0,156.0,13.0,,,,
dhel-duncan-busby,Dhel Duncan-Busby,WR,,,,,,,,,,,,,0.0,188.0,16.0,,,,
dillon-mitchell,Dillon MITCHELL,WR/RB,,,,,,,,,,,,,4.0,727.0,58.0,0.0,10.0,,
dionte-ruffin,Dionté Ruffin,DB,,,,,,,0.0,,,,,,,,,,,0.0,2.0
dohnte-meyers,Dohnte Meyers,WR,,,,,,,,,,,,,1.0,248.0,16.0,,,,
dominique-rhymes,Dominique RHYMES,WR,,,,,,,,,,,,,2.0,1011.0,72.0,,,,
drew-wolitarsky,Drew WOLITARSKY,WR,,,,,,,,,,,,,1.0,403.0,33.0,,,,
dru-brown,Dru Brown,QB,,,,,,10.0,,,,18.0,3959.0,,,,,0.0,57.0,,
dustin-crum,Dustin CRUM,QB,,,,,,2.0,,,,0.0,338.0,,,,,7.0,206.0,,
edm-dst,EDM DST,DST,,,,,,,17.0,,,,,559.0,,,,,,34.0,
edm-k,EDM K,K,,,43.0,991.0,,,,,,,,,,,,,,,
edm-qb,EDM QB,QB,,,,,,16.0,,,,34.0,4891.0,,,,,0.0,300.0,,
eli-stove,Eli Stove,WR,,,,,,,,,,,,,0.0,79.0,9.0,,,,
emmanuel-rugamba,Emmanuel Rugamba,DB,,,,,,,,,,,,,,,,,,,6.0
eric-starczala,Eric Starczala,OL,,,,,,,,,,,,,0.0,7.0,0.0,,,,
erik-brooks,Erik BROOKS,WR,,,,,,,,,,,,,1.0,53.0,3.0,,,,
eugene-lewis,Eugene LEWIS,WR,,,,,,,0.0,,,,,,10.0,1070.0,74.0,1.0,15.0,0.0,1.0
evan-holm,Evan Holm,DB,,,,,,,0.0,,,,,,,,,,,0.0,4.0
felix-garand-gauthier,Felix Garand-Gauthier,FB,,,,,,,0.0,,,,,,0.0,2.0,1.0,,,0.0,1.0
folarin-orimolade,Folarin Orimolade,DL/DB,,,,,,,,,,,,,,,,,,,3.0
frankie-griffin,Frankie Griffin,LB/DB,,,,,,,,,,,,,0.0,-1.0,1.0,,,,
frankie-hickson,Frankie Hickson,RB,,,,,,,,,,,,,0.0,100.0,10.0,1.0,492.0,,
fraser-sopik,Fraser Sopik,LB/DB,,,,,,,,,,,,,,,,,,,3.0
gabe-wallace,Gabe Wallace,OL,,,,,,,0.0,,,,,,,,,,,0.0,1.0
garry-peters,Garry Peters,DB,,,,,,,,,,,,,,,,,,,2.0
gavin-cobb,Gavin COBB,WR,,,,,,,,,,,,,1.0,94.0,7.0,,,,
geoffrey-cantin-arku,Geoffrey Cantin-Arku,LB,,,,,,,0.0,,,,,,,,,,,0.0,1.0
gordon-whyte,Gordon Whyte,LS,,,,,,,0.0,,,,,,,,,,,0.0,1.0
greg-bell,Greg Bell,RB,,,,,,,,,,,,,1.0,230.0,29.0,6.0,629.0,,
ham-dst,HAM DST,DST,,,,,,,33.0,,,,,582.0,,,,,,42.0,
ham-k,HAM K,K,,,36.0,1349.0,,,,,,,,,,,,,,,
ham-qb,HAM QB,QB,1.0,,,,,18.0,,,,35.0,5971.0,,,,,0.0,195.0,,
harrison-frost,Harrison FROST,QB,,,,,,0.0,,,,1.0,95.0,,,,,,,,
hergy-mayala,Hergy Mayala,WR,,,,,,,,,,,,,5.0,503.0,41.0,,,,
hunter-steward,Hunter Steward,OL,,,,,,,0.0,,,,,,,,,,,0.0,1.0
isaiah-messam,Isaiah Messam,LB,,,,,,,,,,,,,,,,,,,1.0
ishmael-hyman,Ishmael Hyman,WR,,,,,,,,,,,,,1.0,220.0,18.0,,,,
jack-cassar,Jack Cassar,LB/DB,,,,,,,,,,,,,,,,,,,2.0
jack-coan,Jack Coan,QB,,,,,,0.0,,,,1.0,100.0,,,,,0.0,14.0,,
jacob-mason,Jacob MASON,RB/FB,,,,,,,,,,,,,0.0,17.0,1.0,,,,
jaelon-acklin,Jaelon Acklin,WR,,,,,,,,,,,,,4.0,739.0,69.0,,,,
jake-ceresna,Jake Ceresna,DL/DB,,,,,,,,,,,,,,,,,,,4.0
jake-dolegala,Jake Dolegala,QB,,,,,,0.0,,,,0.0,158.0,,,,,0.0,5.0,,
jake-julien,Jake Julien,P,,,,,,,,,,,,,,,,,,,2.0
jake-maier,Jake Maier,QB,,,,,,14.0,,,,22.0,3841.0,,,,,0.0,46.0,,
jake-thomas,Jake Thomas,DT/DB,,,,,,,0.0,,,,,,,,,,,0.0,1.0
jakub-szott,Jakub Szott,OL,,,,,,,,,,,,,0.0,0.0,0.0,,,,
jalen-philpot,Jalen PHILPOT,WR/RB,,,,,,,,,,,,,3.0,659.0,66.0,0.0,115.0,,
jamal-morrow,Jamal Morrow,RB,,,,,,,,,,,,,0.0,6.0,1.0,0.0,7.0,,
jamal-woods,Jamal Woods,DT,,,,,,,0.0,,,,,,,,,,,0.0,5.0
jameer-thurman,Jameer Thurman,LB/DB,,,,,,,0.0,,,,,,0.0,0.0,0.0,,,0.0,5.0
james-butler,James BUTLER,RB,,,,,,,,,,,,,1.0,372.0,45.0,2.0,522.0,,
james-moore,James Moore,OL,,,,,,,,,,,,,,,,,,,1.0
james-tuck,James Tuck,FB,,,,,,,,,,,,,0.0,121.0,14.0,,,,
james-vaughters,James Vaughters,DL,,,,,,,0.0,,,,,,,,,,,0.0,3.0
jamieson-sheahan,Jamieson Sheahan,P,,,,,,,,,,,,,,,,0.0,18.0,,1.0
janarion-grant,Janarion GRANT,WR,,,,,,,,,,,,,0.0,52.0,9.0,0.0,31.0,,
jared-brinkman,Jared Brinkman,DL/DB,,,,,,,,,,,,,,,,,,,3.0
jarret-doege,Jarret DOEGE,QB,,,,,,0.0,,,,0.0,6.0,,,,,0.0,5.0,,
javon-leake,Javon LEAKE,RB,,,,,,,,,,,,,1.0,301.0,34.0,6.0,661.0,,
jayden-dalke,Jayden Dalke,DB,,,,,,,0.0,,,,,,,,,,,0.0,4.0
jeremiah-masoli,Jeremiah MASOLI,QB,,,,,,6.0,,,,5.0,1149.0,,,,,0.0,42.0,,
jerminic-smith,Jerminic Smith,WR,,,,,,,,,,,,,0.0,110.0,5.0,0.0,-2.0,,
jerreth-sterns,Jerreth STERNS,WR,,,,,,,,,,,,,2.0,492.0,39.0,,,,
jeshrun-antwi,Jeshrun ANTWI,RB,,,,,,,,,,,,,0.0,21.0,5.0,0.0,93.0,,
jevon-cottoy,Jevon COTTOY,WR,,,,,,,,,,,,,0.0,401.0,34.0,,,,
jevoni-robinson,Jevoni Robinson,TE/WR,,,,,,,,,,,,,3.0,209.0,19.0,,,,
joe-robustelli,Joe Robustelli,WR,,,,,,,,,,,,,0.0,15.0,2.0,,,,
joel-dublanko,Joel Dublanko,LB,,,,,,,0.0,,,,,,,,,,,0.0,1.0
john-haggerty,John Haggerty,P,,,,,,,,,,,,,,,,,,,1.0
johnny-augustine,Johnny AUGUSTINE,RB,,,,,,,,,,,,,0.0,39.0,3.0,2.0,135.0,,
jordan-herdman-reed,Jordan Herdman-Reed,LB,,,,,,,,,,,,,,,,,,,1.0
jordan-perryman,Jordan Perryman,DB,,,,,,,,,,,,,,,,,,,3.0
jordan-terrell,Jordan TERRELL,RB,,,,,,,,,,,,,1.0,24.0,1.0,0.0,24.0,,
jordan-williams,Jordan Williams,DE/OT/MLB/LB/DL/DB,,,,,,,,,,,,,,,,,,,1.0
jose-barbon,Jose BARBON,WR,,,,,,,,,,,,,0.0,17.0,3.0,,,,
jose-maltos,Jose MALTOS,K,,,22.0,943.0,,,,,,,,,,,,,,,
josh-johnson-2,Josh Johnson,WR,,,,,,,,,,,,,0.0,138.0,18.0,0.0,0.0,,
josh-woods,Josh Woods,LB/DB,,,,,,,,,,,,,,,,,,,7.0
joshua-archibald,Joshua Archibald,DE/DL/DB,,,,,,,,,,,,,,,,,,,2.0
julian-howsare,Julian Howsare,DE/DL/DB,,,,,,,0.0,,,,,,,,,,,0.0,3.0
justin-hardy,Justin HARDY,WR,,,,,,0.0,,,,0.0,0.0,,5.0,1343.0,97.0,0.0,76.0,,
justin-herdman-reed,Justin Herdman-Reed,LB,,,,,,,0.0,,,,,,,,,,,0.0,0.0
justin-mcinnis,Justin MCINNIS,WR,,,,,,,,,,,,,7.0,1469.0,92.0,,,,
justin-rankin,Justin Rankin,RB,,,,,,,,,,,,,1.0,52.0,9.0,5.0,765.0,,
ka39deem-carey,Ka&#39;Deem Carey,RB,,,,,,,,,,,,,1.0,365.0,38.0,6.0,941.0,,
kabion-ento,Kabion Ento,DB,,,,,,,0.0,,,,,,,,,,,0.0,1.0
kai-gray,Kai Gray,CB/DB,,,,,,,1.0,,,,,,,,,,,0.0,2.0
kaion-julien-grant,Kaion JULIEN-GRANT,WR,,,,,,,0.0,,,,,,1.0,486.0,46.0,,,0.0,1.0
kalil-pimpleton,Kalil PIMPLETON,WR,,,,,,,,,,,,,3.0,715.0,45.0,0.0,7.0,,
keaton-bruggeling,Keaton BRUGGELING,WR,,,,,,,,,,,,,0.0,23.0,2.0,,,,
keesean-johnson,KeeSean Johnson,WR,,,,,,0.0,,,,0.0,0.0,,5.0,746.0,56.0,,,,
kelle-sanders,Kelle Sanders,DL,,,,,,,0.0,,,,,,,,,,,0.0,1.0
kelon-thomas,Kelon Thomas,DL,,,,,,,0.0,,,,,,,,,,,0.0,0.0
kene-onyeka,Kene Onyeka,DL/DB,,,,,,,,,,,,,,,,,,,1.0
kenneth-george-jr,Kenneth George Jr.,DB,,,,,,,,,,,,,,,,,,,3.0
kenny-lawler,Kenny Lawler,WR,,,,,,,,,,,,,4.0,662.0,41.0,,,,
keon-hatcher,Keon HATCHER,WR,,,,,,,,,,,,,0.0,608.0,38.0,,,,
keric-wheatfall,Keric Wheatfall,WR,,,,,,,,,,,,,1.0,273.0,13.0,,,,
kevens-clercius,Kevens Clercius,WR,,,,,,,,,,,,,1.0,352.0,32.0,,,,
kevin-brown,Kevin BROWN,RB,,,,,,,,,,,,,0.0,138.0,22.0,0.0,522.0,,
kevin-mital,Kevin Mital,WR,,,,,,,,,,,,,0.0,201.0,18.0,0.0,9.0,,
khalan-laborn,Khalan Laborn,RB,,,,,,,,,,,,,0.0,152.0,23.0,1.0,310.0,,
kian-schaffer-baker,Kian SCHAFFER-BAKER,WR,,,,,,,,,,,,,4.0,735.0,52.0,0.0,-4.0,,1.0
kieran-poissant,Kieran POISSANT,WR,,,,,,,,,,,,,0.0,58.0,7.0,,,,
kiondre-smith,Kiondre SMITH,WR,,,,,,,,,,,,,7.0,933.0,74.0,,,,
kobe-williams,Kobe Williams,DB,,,,,,,0.0,,,,,,,,,,,0.0,2.0
kody-case,Kody Case,WR,,,,,,,,,,,,,0.0,5.0,1.0,,,,
kordell-jackson,Kordell Jackson,DB,,,,,,,0.0,,,,,,,,,,,0.0,5.0
kurleigh-gittens-jr,Kurleigh GITTENS JR.,WR,,,,,,,,,,,,,3.0,1037.0,92.0,,,,1.0
kwadwo-boahen,Kwadwo Boahen,DL,,,,,,,0.0,,,,,,,,,,,0.0,1.0
kyle-wilson,Kyle Wilson,LB/DB,,,,,,,0.0,,,,,,,,,,,0.0,5.0
kylin-hill,Kylin Hill,RB,,,,,,,,,,,,,1.0,127.0,10.0,0.0,102.0,,
kyrie-wilson,Kyrie Wilson,LB/DB,,,,,,,0.0,,,,,,,,,,,0.0,5.0
leonard-johnson,Leonard Johnson,DB,,,,,,,,,,,,,,,,,,,7.0
lewis-ward,Lewis Ward,K,,,22.0,1869.0,,,,,,,,,,,,,,,
lirim-hajrullahu,Lirim Hajrullahu,K,,,36.0,1877.0,,,,,,,,,,,,,,,
logan-bonner,Logan BONNER,QB,,,,,,5.0,,,,0.0,378.0,,,,,,,,
lucas-robertson,Lucas Robertson,RB,,,,,,,,,,,,,0.0,13.0,1.0,,,,
lucky-whitehead,Lucky Whitehead,WR,,,,,,,,,,,,,1.0,115.0,14.0,0.0,11.0,,
luther-hakunavanhu,Luther HAKUNAVANHU,WR,,,,,,,,,,,,,4.0,171.0,9.0,,,,
mtl-dst,MTL DST,DST,,1.0,,,2.0,,17.0,,,,,467.0,,,,,,48.0,
mtl-k,MTL K,K,,,34.0,1231.0,,,,,,,,,,,,,,,
mtl-qb,MTL QB,QB,,,,,,11.0,,,,26.0,4759.0,,,,,10.0,498.0,,
makai-polk,Makai Polk,WR,,,,,,,,,,,,,5.0,1024.0,61.0,,,,
malcolm-thompson,Malcolm Thompson,DB,,,,,,,0.0,,,,,,,,,,,0.0,1.0
malik-carney,Malik Carney,DE/DB,,,,,,,0.0,,,,,,,,,,,0.0,1.0
malik-flowers,Malik Flowers,WR,,,,,,,,,,,,,0.0,33.0,3.0,,,,
marc-liegghio,Marc LIEGGHIO,K,,,36.0,1349.0,,,,,,,,,,,,,,,
marc-antoine-dequoy,Marc-Antoine Dequoy,DB,,,,,,,1.0,,,,,,,,,,,,2.0
marco-dubois,Marco DUBOIS,WR/FB,,,,,,,,,,,,,0.0,54.0,2.0,,,,
marcus-sayles,Marcus Sayles,DB,,,,,,,,,,,,,,,,,,,3.0
mario-alford,Mario ALFORD,WR,,,,,,,,,,,,,0.0,6.0,1.0,,,,
mark-milton,Mark Milton,CB/DB,,,,,,,0.0,,,,,,,,,,,0.0,2.0
marken-michel,Marken Michel,WR,,,,,,,,,,,,,6.0,774.0,68.0,,,,
martez-ivey,Martez Ivey,OL,,,,,,,0.0,,,,,,,,,,,0.0,0.0
mason-pierce,Mason Pierce,DB,,,,,,,,,,,,,,,,,,,4.0
maxime-roger,Maxime Roger,LB/DB,,,,,,,,,,,,,0.0,0.0,0.0,,,,1.0
mcleod-bethel-thompson,McLeod Bethel-Thompson,QB,,,,,,11.0,,,,24.0,3748.0,,,,,0.0,83.0,,
melique-straker,Melique Straker,LB,,,,,,,0.0,,,,,,,,,,,0.0,2.0
micah-awe,Micah Awe,LB/DB,,,,,,,0.0,,,,,,,,,,,0.0,5.0
micah-johnson,Micah Johnson,DL/DB,,,,,,,,,,,,,,,,,,,3.0
michael-ayers,Michael Ayers,LB,,,,,,,0.0,,,,,,,,,,,0.0,2.0
michael-brodrique,Michael Brodrique,LB,,,,,,,0.0,,,,,,,,,,,1.0,3.0
michael-chris-ike,Michael CHRIS-IKE,RB,,,,,,,,,,,,,0.0,0.0,0.0,,,,
mike-benson,Mike Benson,LS,,,,,,,0.0,,,,,,,,,,,0.0,0.0
mike-rose,Mike Rose,DL/MLB/LB/DB,,,,,,,0.0,,,,,,,,,,,0.0,1.0
miles-fox,Miles Fox,DT/DL/DB,,,,,,,0.0,,,,,,,,,,,0.0,1.0
mitchell-picton,Mitchell PICTON,WR,,,,,,,,,,,,,2.0,185.0,16.0,,,,
monshadrik-hunter,Monshadrik Hunter,DB,,,,,,,,,,,,,0.0,0.0,1.0,,,,
mustafa-johnson,Mustafa Johnson,DL/DB,,,,,,,0.0,,,,,,,,,,,0.0,3.0
myron-mitchell,Myron Mitchell,WR,,,,,,,0.0,,,,,,,,,,,0.0,1.0
nafees-lyon,Nafees Lyon,DB,,,,,,,0.0,,,,,,,,,,,0.0,5.0
najee-murray,Najee Murray,CB/DB,,,,,,,0.0,,,,,,,,,,,0.0,3.0
nathan-rourke,Nathan ROURKE,QB,,,,,,9.0,,,,4.0,1781.0,,,,,5.0,213.0,,
nelson-lokombo,Nelson Lokombo,DB,,,,,,,0.0,,,,,,,,,,,0.0,2.0
nic-demski,Nic DEMSKI,WR,,,,,,,,1.0,,,,,6.0,1030.0,76.0,0.0,19.0,,
nick-arbuckle,Nick ARBUCKLE,QB,,,,,,3.0,,,,4.0,799.0,,,,,0.0,3.0,,
nick-anderson,Nick Anderson,LB,,,,,,,0.0,,,,,,,,,,,0.0,5.0
nick-hallett,Nick Hallett,DB,,,,,,,0.0,,,,,,,,,,,0.0,1.0
nick-mardner,Nick Mardner,WR,,,,,,,,,,,,,3.0,300.0,26.0,,,,
noah-curtis,Noah Curtis,DL,,,,,,,0.0,,,,,,,,,,,0.0,1.0
nyles-morgan,Nyles Morgan,LB/DB,,,,,,,0.0,,,,,,,,,,,0.0,10.0
ott-dst,OTT DST,DST,,,,,,,15.0,,,,,584.0,,,,,,28.0,
ott-k,OTT K,K,,,22.0,1869.0,,,,,,,,,,,,,,,
ott-qb,OTT QB,QB,,,,,,18.0,,,,23.0,5455.0,,,,,7.0,305.0,,
olivier-muembi,Olivier Muembi,LB,,,,,,,0.0,,,,,,,,,,,0.0,2.0
ontaria-wilson,Ontaria Wilson,WR,,,,,,,,,,,,,3.0,1026.0,71.0,,,,
patrice-rene,Patrice Rene,DB,,,,,,,,,,,,,,,,,,,6.0
pete-robertson,Pete Robertson,DL/DB,,,,,,,,,,,,,,,,,,,1.0
peter-nicastro,Peter Nicastro,OL,,,,,,,,,,,,,,,,,,,1.0
peyton-logan,Peyton Logan,RB,,,,,,,,,,,,,0.0,121.0,24.0,1.0,355.0,,
quincy-mauger,Quincy Mauger,DB,,,,,,,,,,,,,,,,,,,4.0
rasheed-bailey,Rasheed Bailey,WR,,,,,,,,,,,,,2.0,245.0,24.0,,,,1.0
ray-wilborn,Ray Wilborn,LB,,,,,,,0.0,,,,,,,,,,,0.0,5.0
redha-kramdi,Redha Kramdi,DB,,,,,,,0.0,,,,,,,,,,,0.0,2.0
reggie-begelton,Reggie BEGELTON,WR,,,,,,,,,,,,,4.0,1150.0,92.0,,,,
reggie-stubblefield,Reggie Stubblefield,DB,,,,,,,0.0,,,,,,,,,,,0.0,5.0
reggie-white-jr,Reggie WHITE JR.,WR,,,,,,,,,,,,,4.0,355.0,24.0,,,,
rene-paredes,René Paredes,K,,,33.0,1511.0,,,,,,,,,,,,,,,
richard-leonard,Richard Leonard,DB,,,,,,,0.0,,,,,,,,,,,0.0,2.0
richie-leone,Richie Leone,K,,,,,,0.0,,,,0.0,27.0,,,,,,,,
richie-sindani,Richie Sindani,WR,,,,,,,,,,,,,1.0,210.0,20.0,,,,
riley-pickett-2,Riley Pickett,LS,,,,,,,,,,,,,0.0,8.0,1.0,,,,
robbie-smith,Robbie Smith,DL,,,,,,,,,,,,,,,,,,,3.0
robert-nkemdiche,Robert Nkemdiche,DT/DL,,,,,,,0.0,,,,,,,,,,,1.0,1.0
rodney-randle-jr,Rodney Randle Jr.,CB/DB,,,,,,,,,,,,,,,,,,,5.0
rolan-milligan,Rolan Milligan,DB,,,,,,,,,,,,,,,,,,,10.0
ron-tiavaasue,Ron Tiavaasue,RB,,,,,,,,,,,,,0.0,9.0,1.0,,,,
royce-metchie,Royce Metchie,DB,,,,,,,,,,,,,,,,,,,5.0
ryan-leder,Ryan Leder,DL,,,,,,,0.0,,,,,,0.0,4.0,1.0,,,0.0,2.0
ryquell-armstead,Ryquell Armstead,RB,,,,,,,,,,,,,0.0,298.0,38.0,3.0,862.0,,
rysen-john,Rysen JOHN,WR,,,,,,,,,,,,,0.0,14.0,2.0,,,,
regis-cibasu-2,Régis Cibasu,WR,,,,,,,,,,,,,0.0,0.0,0.0,,,,
ssk-dst,SSK DST,DST,,,,,,,30.0,,,,,483.0,,,,,,52.0,
ssk-k,SSK K,K,,,38.0,1800.0,,,,,,,,,,,,,,,
ssk-qb,SSK QB,QB,,,,,,14.0,,,,27.0,5019.0,,,,,9.0,219.0,,
sam-acheampong,Sam Acheampong,DL,,,,,,,0.0,,,,,,,,,,,0.0,1.0
samuel-emilus,Samuel Emilus,WR,,,,,,,0.0,,,,,,5.0,1064.0,87.0,,,0.0,1.0
sean-thomas-erlington,Sean THOMAS ERLINGTON,RB,,,,,,,,,,,,,,,,,8.0,,
sean-whyte,Sean WHYTE,K,,,36.0,1480.0,,,,,,,,,,,,,,,
sergio-castillo,Sergio CASTILLO,K,,,38.0,1891.0,,,,,2.0,,,,,,,,,,
shawn-bane-jr,Shawn Bane Jr.,WR,,,,,,,,,,,,,5.0,609.0,53.0,0.0,19.0,,
shawn-lemon,Shawn Lemon,DE/DL/DB,,,,,,,0.0,,,,,,,,,,,1.0,5.0
shea-patterson,Shea Patterson,QB,,,,,,5.0,,,,6.0,1655.0,,,,,7.0,132.0,,
shedler-fervius,Shedler FERVIUS,WR,,,,,,,,,,,,,0.0,87.0,7.0,,,,
shemar-bridges,Shemar BRIDGES,WR,,,,,,,,,,,,,4.0,933.0,83.0,,,,
sione-teuhema,Sione Teuhema,DT/DL/DB,,,,,,,,,,,,,,,,,,,3.0
skyler-thomas,Skyler Thomas,DB,,,,,,,,,,,,,,,,,,,1.0
souleymane-karamoko,Souleymane Karamoko,DB,,,,,,,0.0,,,,,,,,,,,0.0,1.0
stanley-berryhill,Stanley BERRYHILL,WR,,,,,,,,,,,,,4.0,670.0,55.0,,,,
stavros-katsantonis,Stavros Katsantonis,DB,,,,,,,0.0,,,,,,,,,,,0.0,3.0
steven-dunbar-jr,Steven Dunbar Jr.,WR,,,,,,,,,,,,,6.0,1301.0,89.0,0.0,20.0,,
steven-richardson,Steven Richardson,DL/DB,,,,,,,1.0,,,,,,,,,,,,
tor-dst,TOR DST,DST,,1.0,,,,,21.0,,,,,673.0,,,,,,44.0,
tor-k,TOR K,K,,,36.0,1877.0,,,,,,,,,,,,,,,
tor-qb,TOR QB,QB,,,,,,18.0,,,,22.0,4773.0,,,,,9.0,545.0,,
tanner-cadwallader,Tanner Cadwallader,LB/DB,,,,,,,0.0,,,,,,,,,,,0.0,2.0
tanner-green,Tanner GREEN,RB/FB,,,,,,,,,,,,,0.0,0.0,0.0,,,,
taylor-powell,Taylor POWELL,QB,,,,,,0.0,,,,2.0,425.0,,,,,0.0,71.0,,
terrell-bonds,Terrell Bonds,CB/DB,,,,,,,0.0,,,,,,,,,,,0.0,3.0
terry-williams,Terry Williams,RB/WR,,,,,,,,,,,,,0.0,0.0,0.0,,,,
terry-wilson,Terry Wilson,QB,,,,,,0.0,,,,0.0,4.0,,,,,4.0,36.0,,
tevin-jones,Tevin JONES,WR,,,,,,,,,,,,,5.0,731.0,40.0,1.0,13.0,,
thiadric-hansen,Thiadric Hansen,DE/DB,,,,,,,,,,,,,,,,,,,2.0
thomas-bertrand-hudon,Thomas Bertrand-Hudon,RB,,,,,,,,,,,,,0.0,0.0,0.0,1.0,103.0,,
tibo-debaillie,Tibo Debaillie,DL/DB,,,,,,,,,,,,,,,,,,,1.0
tim-white,Tim White,WR,1.0,,,,,0.0,,,,0.0,3.0,,8.0,1164.0,74.0,0.0,37.0,,
tommy-nield,Tommy Nield,WR,,,,,,,,,,,,,1.0,201.0,22.0,,,,
tommy-stevens,Tommy STEVENS,QB,,,,,,0.0,,,,0.0,24.0,,,,,10.0,237.0,,
travis-fulgham,Travis Fulgham,WR,,,,,,,,,,,,,1.0,98.0,6.0,,,,
tre-ford,Tre Ford,QB,,,,,,5.0,1.0,,,10.0,1137.0,,,,,0.0,206.0,,5.0
tre-roberson,Tre Roberson,DB,,,,,,,0.0,,,,,,,,,,,0.0,3.0
trevor-harris,Trevor HARRIS,QB,,,,,,9.0,0.0,,,20.0,3264.0,,,,,2.0,71.0,0.0,1.0
trevor-reid,Trevor Reid,T/OL,,,,,,,,,,,,,,,,,,,1.0
tyjon-lindsey,Tyjon LINDSEY,WR,,,,,,,,,,,,,0.0,39.0,1.0,,,,
tyler-snead,Tyler SNEAD,WR,,,,,,,,,,,,,0.0,253.0,24.0,0.0,8.0,,
tyler-ternowski,Tyler TERNOWSKI,WR,,,,,,,,,,,,,0.0,67.0,6.0,,,,
tyrell-ford,Tyrell Ford,DB,,,,,,,0.0,,,,,,,,,,,0.0,5.0
tyrell-richards,Tyrell Richards,LB/DB,,,,,,,0.0,,,,,,,,,,,0.0,3.0
tyrice-beverette,Tyrice Beverette,LB/DB,,,,,,,1.0,,,,,,,,,,,0.0,5.0
tyshon-blackburn,Tyshon Blackburn,DB,,,,,,,,,,,,,,,,,,,1.0
tyson-middlemost,Tyson MIDDLEMOST,WR,,,,,,,0.0,,,,,,0.0,43.0,3.0,,,0.0,1.0
tyson-philpot,Tyson PHILPOT,WR,,,,,,,,,,,,,5.0,779.0,58.0,,,,
vernon-adams-jr,Vernon ADAMS JR.,QB,,,,,,16.0,,,,22.0,4727.0,,,,,2.0,373.0,,
vincent-blanchard,Vincent Blanchard,K,,,1.0,19.0,,,,,,,,,,,,,,,
wpg-dst,WPG DST,DST,,,,,,,16.0,,,,,480.0,,,,,,27.0,
wpg-k,WPG K,K,,,38.0,1891.0,,,,,2.0,,,,,,,,,,
wpg-qb,WPG QB,QB,,,,,,16.0,,,,18.0,4683.0,,,,,14.0,476.0,,
walter-fletcher,Walter FLETCHER,RB,,,,,,,,,,,,,3.0,682.0,71.0,4.0,764.0,,
wesley-sutton,Wesley Sutton,DB,,,,,,,1.0,,,,,,,,,,,,
william-stanback,William STANBACK,RB,,,,,,,,,,,,,2.0,413.0,46.0,3.0,1175.0,,
wynton-mcmanis,Wynton McManis,LB/DB,,,,,,,,,,,,,,,,,,,7.0
zach-collaros,Zach COLLAROS,QB,,,,,,15.0,,,,17.0,4336.0,,,,,0.0,168.0,,
zack-williams,Zack Williams,OL,,,,,,,1.0,,,,,,,,,,,,2.0
